project,repeat,metric,NB,XGBoost_ablation,XGBoost_proposed
pytorch,0,acc,0.831858407079646,0.8893805309734514,0.8893805309734514
pytorch,1,acc,0.8805309734513275,0.8982300884955752,0.8716814159292036
pytorch,2,acc,0.8451327433628318,0.8938053097345132,0.8982300884955752
pytorch,3,acc,0.8584070796460177,0.8893805309734514,0.8716814159292036
pytorch,4,acc,0.8451327433628318,0.9203539823008849,0.9026548672566371
pytorch,5,acc,0.8672566371681416,0.8893805309734514,0.8849557522123894
pytorch,6,acc,0.8230088495575221,0.8761061946902655,0.8893805309734514
pytorch,7,acc,0.8451327433628318,0.8672566371681416,0.8761061946902655
pytorch,8,acc,0.8362831858407079,0.8672566371681416,0.8672566371681416
pytorch,9,acc,0.8495575221238938,0.8849557522123894,0.8716814159292036
pytorch,10,acc,0.827433628318584,0.8893805309734514,0.8982300884955752
pytorch,11,acc,0.8362831858407079,0.8805309734513275,0.9026548672566371
pytorch,12,acc,0.8451327433628318,0.8938053097345132,0.8849557522123894
pytorch,13,acc,0.8495575221238938,0.8716814159292036,0.8938053097345132
pytorch,14,acc,0.8362831858407079,0.8938053097345132,0.8849557522123894
pytorch,15,acc,0.8407079646017699,0.8938053097345132,0.8761061946902655
pytorch,16,acc,0.8495575221238938,0.8849557522123894,0.8938053097345132
pytorch,17,acc,0.8761061946902655,0.8849557522123894,0.8716814159292036
pytorch,18,acc,0.8628318584070797,0.8893805309734514,0.8849557522123894
pytorch,19,acc,0.8451327433628318,0.8938053097345132,0.8805309734513275
pytorch,20,acc,0.8230088495575221,0.8893805309734514,0.8849557522123894
pytorch,21,acc,0.8495575221238938,0.8672566371681416,0.8893805309734514
pytorch,22,acc,0.8584070796460177,0.8805309734513275,0.8495575221238938
pytorch,23,acc,0.8185840707964602,0.8805309734513275,0.8893805309734514
pytorch,24,acc,0.827433628318584,0.8761061946902655,0.8672566371681416
pytorch,25,acc,0.8362831858407079,0.9026548672566371,0.8893805309734514
pytorch,26,acc,0.8716814159292036,0.8761061946902655,0.8628318584070797
pytorch,27,acc,0.8407079646017699,0.9070796460176991,0.8849557522123894
pytorch,28,acc,0.8539823008849557,0.8982300884955752,0.8805309734513275
pytorch,29,acc,0.8407079646017699,0.915929203539823,0.9070796460176991
pytorch,0,prec,0.5867595818815331,0.7622863247863247,0.7672619047619047
pytorch,1,prec,0.7467592592592592,0.7924679487179487,0.7058823529411764
pytorch,2,prec,0.5838948787061995,0.7704994192799071,0.7814171122994653
pytorch,3,prec,0.6236786469344608,0.7742587601078168,0.7019230769230769
pytorch,4,prec,0.5991071428571428,0.8492450638792102,0.7967479674796748
pytorch,5,prec,0.6549249836921069,0.7622863247863247,0.7486631016042781
pytorch,6,prec,0.5448766844647852,0.7180023228803717,0.7622863247863247
pytorch,7,prec,0.5375,0.7033082443549799,0.7247311827956989
pytorch,8,prec,0.545822102425876,0.6885329265191965,0.7005397357156151
pytorch,9,prec,0.5758985200845665,0.7459954233409611,0.7079207920792079
pytorch,10,prec,0.5510149572649572,0.7672619047619047,0.7924679487179487
pytorch,11,prec,0.5202492211838007,0.7313106796116505,0.7916041979010495
pytorch,12,prec,0.5642523364485981,0.7636329797133817,0.7426865671641791
pytorch,13,prec,0.5758985200845665,0.7019230769230769,0.7747266717518433
pytorch,14,prec,0.5202492211838007,0.7747266717518433,0.743424317617866
pytorch,15,prec,0.5543517515348502,0.7883096366508688,0.7169036334913113
pytorch,16,prec,0.5488991295442909,0.7431998286571,0.7674020132790748
pytorch,17,prec,0.7224782386072709,0.7426865671641791,0.71
pytorch,18,prec,0.6053030303030303,0.7622863247863247,0.7442508710801394
pytorch,19,prec,0.5838948787061995,0.7626465954839838,0.7335034013605441
pytorch,20,prec,0.526034337179848,0.7742587601078168,0.7583965330444205
pytorch,21,prec,0.6214466647903181,0.6947954594131506,0.7622863247863247
pytorch,22,prec,0.6067588325652842,0.7467592592592592,0.6463910901692012
pytorch,23,prec,0.5208333333333334,0.7312293729372937,0.7562388591800356
pytorch,24,prec,0.5077493261455526,0.7169036334913113,0.6767786204405923
pytorch,25,prec,0.5202492211838007,0.8122713200112581,0.7587378640776699
pytorch,26,prec,0.6909090909090909,0.7172641749300788,0.6917388167388168
pytorch,27,prec,0.5740916271721959,0.8135922330097087,0.7431998286571
pytorch,28,prec,0.6082554517133957,0.8008928571428571,0.7336309523809523
pytorch,29,prec,0.5281183932346724,0.8681547619047619,0.8345238095238094
pytorch,0,rec,0.5653772098722213,0.6718886749518642,0.6571853667075092
pytorch,1,rec,0.5932959915981096,0.6916681253281989,0.6617363906879048
pytorch,2,rec,0.5435848065814808,0.703833362506564,0.7210747418169088
pytorch,3,rec,0.5511990197794504,0.6424820584631542,0.6323297741991948
pytorch,4,rec,0.5582881148258358,0.763171713635568,0.7236128128828987
pytorch,5,rec,0.5415718536670752,0.6718886749518642,0.6546472956415194
pytorch,6,rec,0.5308944512515316,0.6642744617538946,0.6718886749518642
pytorch,7,rec,0.5141781900927709,0.7033082443549799,0.7377910029756696
pytorch,8,rec,0.5238053562051462,0.629791703133205,0.6886049361106249
pytorch,9,rec,0.5314195694031157,0.6693506038858743,0.6764396989322597
pytorch,10,rec,0.5334325223175215,0.6571853667075092,0.6916681253281989
pytorch,11,rec,0.5091020479607912,0.6668125328198844,0.7383161211272536
pytorch,12,rec,0.5288814983371258,0.747943287239629,0.7134605286189393
pytorch,13,rec,0.5314195694031157,0.6323297741991948,0.689130054262209
pytorch,14,rec,0.5091020479607912,0.689130054262209,0.7575704533520042
pytorch,15,rec,0.526343427271136,0.6597234377734991,0.6201645370208297
pytorch,16,rec,0.5167162611587607,0.6987572203745842,0.718536670750919
pytorch,17,rec,0.5760546122877648,0.7134605286189393,0.6911430071766147
pytorch,18,rec,0.5243304743567303,0.6718886749518642,0.6840539121302293
pytorch,19,rec,0.5435848065814808,0.7626465954839838,0.7403290740416594
pytorch,20,rec,0.5161911430071766,0.6424820584631542,0.6252406791528093
pytorch,21,rec,0.5755294941361807,0.6591983196219149,0.6718886749518642
pytorch,22,rec,0.5364957115350955,0.5932959915981096,0.6196394188692456
pytorch,23,rec,0.5136530719411868,0.6962191493085945,0.7012952914405741
pytorch,24,rec,0.5040259058288115,0.6201645370208297,0.58568177840014
pytorch,25,rec,0.5091020479607912,0.6942061963941887,0.6865919831962192
pytorch,26,rec,0.544109924733065,0.6495711535095396,0.6860668650446351
pytorch,27,rec,0.541046735515491,0.7261508839488885,0.6987572203745842
pytorch,28,rec,0.5486609487134605,0.6769648170838438,0.6374059163311745
pytorch,29,rec,0.511640119026781,0.7165237178365131,0.6967442674601786
pytorch,0,f1,0.5727363184079601,0.7031783556606251,0.6915096915096914
pytorch,1,f1,0.6211585025144347,0.7269240872077751,0.6795266735122977
pytorch,2,f1,0.5502359697503838,0.7301492537313433,0.7458314996821671
pytorch,3,f1,0.5611650485436893,0.6787399783931313,0.6556868925663252
pytorch,4,f1,0.5681135681135681,0.7976119402985075,0.752636815920398
pytorch,5,f1,0.5472756410256411,0.7031783556606251,0.6853715999143285
pytorch,6,f1,0.5338283828382838,0.6851741293532339,0.7031783556606251
pytorch,7,f1,0.5089091699261191,0.7033082443549799,0.730952380952381
pytorch,8,f1,0.5245351680218343,0.6503712871287128,0.6942640692640693
pytorch,9,f1,0.5337378640776699,0.6969884488448845,0.6900742422092968
pytorch,10,f1,0.5369582348305753,0.6915096915096914,0.7269240872077751
pytorch,11,f1,0.5037683223547564,0.6909910366131564,0.7609615384615385
pytorch,12,f1,0.5305916562815263,0.7554112554112554,0.7265959426763446
pytorch,13,f1,0.5337378640776699,0.6556868925663252,0.7202970297029703
pytorch,14,f1,0.5037683223547564,0.7202970297029703,0.7501700680272109
pytorch,15,f1,0.5275261324041812,0.6978609625668449,0.6475044563279857
pytorch,16,f1,0.5115687770150013,0.7175,0.7392307692307691
pytorch,17,f1,0.5977625222476481,0.7265959426763446,0.6998397068926037
pytorch,18,f1,0.5199725933538883,0.7031783556606251,0.7076616915422885
pytorch,19,f1,0.5502359697503838,0.7626465954839838,0.7368352956397981
pytorch,20,f1,0.5159563075605055,0.6787399783931313,0.6587688734030197
pytorch,21,f1,0.5885628614264297,0.6740384615384616,0.7031783556606251
pytorch,22,f1,0.5403000254258835,0.6211585025144347,0.6305769230769231
pytorch,23,f1,0.5132125032834253,0.7114484324017591,0.7237298909588773
pytorch,24,f1,0.4988343662932848,0.6475044563279857,0.6062717770034843
pytorch,25,f1,0.5037683223547564,0.7337759691582779,0.7138805894566262
pytorch,26,f1,0.5509421034600891,0.6736798679867987,0.6888296691094826
pytorch,27,f1,0.5467914438502673,0.7596596951435661,0.7175
pytorch,28,f1,0.5574149902082962,0.7161889161889162,0.6668304668304668
pytorch,29,f1,0.5063106796116505,0.7655473655473655,0.7408681408681408
pytorch,0,auc,0.5653772098722213,0.6718886749518642,0.6571853667075092
pytorch,1,auc,0.5932959915981095,0.6916681253281989,0.6617363906879048
pytorch,2,auc,0.5435848065814809,0.7038333625065639,0.7210747418169089
pytorch,3,auc,0.5511990197794504,0.6424820584631542,0.6323297741991948
pytorch,4,auc,0.5582881148258358,0.763171713635568,0.7236128128828987
pytorch,5,auc,0.5415718536670752,0.6718886749518642,0.6546472956415194
pytorch,6,auc,0.5308944512515316,0.6642744617538946,0.6718886749518642
pytorch,7,auc,0.5141781900927709,0.70330824435498,0.7377910029756695
pytorch,8,auc,0.5238053562051461,0.6297917031332049,0.6886049361106249
pytorch,9,auc,0.5314195694031156,0.6693506038858744,0.6764396989322597
pytorch,10,auc,0.5334325223175215,0.6571853667075092,0.6916681253281989
pytorch,11,auc,0.5091020479607911,0.6668125328198845,0.7383161211272536
pytorch,12,auc,0.5288814983371258,0.7479432872396289,0.7134605286189393
pytorch,13,auc,0.5314195694031156,0.6323297741991948,0.689130054262209
pytorch,14,auc,0.5091020479607911,0.689130054262209,0.7575704533520042
pytorch,15,auc,0.526343427271136,0.6597234377734991,0.6201645370208297
pytorch,16,auc,0.5167162611587607,0.6987572203745843,0.718536670750919
pytorch,17,auc,0.5760546122877648,0.7134605286189393,0.6911430071766147
pytorch,18,auc,0.5243304743567303,0.6718886749518642,0.6840539121302293
pytorch,19,auc,0.5435848065814809,0.762646595483984,0.7403290740416594
pytorch,20,auc,0.5161911430071766,0.6424820584631542,0.6252406791528095
pytorch,21,auc,0.5755294941361806,0.659198319621915,0.6718886749518642
pytorch,22,auc,0.5364957115350955,0.5932959915981095,0.6196394188692456
pytorch,23,auc,0.5136530719411868,0.6962191493085944,0.7012952914405741
pytorch,24,auc,0.5040259058288115,0.6201645370208297,0.58568177840014
pytorch,25,auc,0.5091020479607911,0.6942061963941887,0.6865919831962191
pytorch,26,auc,0.5441099247330649,0.6495711535095396,0.686066865044635
pytorch,27,auc,0.541046735515491,0.7261508839488886,0.6987572203745843
pytorch,28,auc,0.5486609487134605,0.6769648170838439,0.6374059163311745
pytorch,29,auc,0.511640119026781,0.7165237178365133,0.6967442674601786
pytorch,0,time,0.02128887176513672,0.5755279064178467,0.8079211711883545
pytorch,1,time,0.0172727108001709,0.5901782512664795,0.6514291763305664
pytorch,2,time,0.019040346145629883,0.5539321899414062,0.815155029296875
pytorch,3,time,0.01707291603088379,0.7406489849090576,0.7166829109191895
pytorch,4,time,0.016479015350341797,0.588425874710083,0.6743218898773193
pytorch,5,time,0.016562938690185547,0.565028190612793,0.8884010314941406
pytorch,6,time,0.01930689811706543,0.6268260478973389,0.8319759368896484
pytorch,7,time,0.01825690269470215,0.5760860443115234,0.6453487873077393
pytorch,8,time,0.018133878707885742,0.5496947765350342,0.6340799331665039
pytorch,9,time,0.0162811279296875,0.5339760780334473,0.6555602550506592
pytorch,10,time,0.015796899795532227,0.5674681663513184,0.6867687702178955
pytorch,11,time,0.016572952270507812,0.5461690425872803,0.678016185760498
pytorch,12,time,0.015335798263549805,0.6042859554290771,0.7060317993164062
pytorch,13,time,0.015342235565185547,0.5561599731445312,0.7450048923492432
pytorch,14,time,0.016141176223754883,0.6162588596343994,0.7520878314971924
pytorch,15,time,0.020395994186401367,0.749985933303833,0.7007300853729248
pytorch,16,time,0.015880823135375977,0.5752749443054199,0.675940752029419
pytorch,17,time,0.01663064956665039,0.6061501502990723,0.7045948505401611
pytorch,18,time,0.015811920166015625,0.5864861011505127,0.6683650016784668
pytorch,19,time,0.015557050704956055,0.5553781986236572,0.6707870960235596
pytorch,20,time,0.016197919845581055,0.5875248908996582,0.7004468441009521
pytorch,21,time,0.016031980514526367,0.5745909214019775,0.6684231758117676
pytorch,22,time,0.016706228256225586,0.5857770442962646,0.727168083190918
pytorch,23,time,0.016756057739257812,0.602294921875,0.7256550788879395
pytorch,24,time,0.017788171768188477,0.6027321815490723,0.689072847366333
pytorch,25,time,0.01654791831970215,0.6016981601715088,0.7157750129699707
pytorch,26,time,0.016546010971069336,0.5579037666320801,0.6591777801513672
pytorch,27,time,0.015623092651367188,0.5773818492889404,0.7082300186157227
pytorch,28,time,0.01551365852355957,0.5713450908660889,0.6834309101104736
pytorch,29,time,0.01570892333984375,0.6265480518341064,0.7289950847625732
tensorflow,0,acc,0.6420581655480985,0.9105145413870246,0.9172259507829977
tensorflow,1,acc,0.6935123042505593,0.901565995525727,0.9082774049217002
tensorflow,2,acc,0.6845637583892618,0.8814317673378076,0.8903803131991052
tensorflow,3,acc,0.6733780760626398,0.8747203579418344,0.8814317673378076
tensorflow,4,acc,0.668903803131991,0.8926174496644296,0.8859060402684564
tensorflow,5,acc,0.6599552572706935,0.8926174496644296,0.8993288590604027
tensorflow,6,acc,0.680089485458613,0.8926174496644296,0.8903803131991052
tensorflow,7,acc,0.6845637583892618,0.8747203579418344,0.8814317673378076
tensorflow,8,acc,0.6733780760626398,0.8859060402684564,0.87248322147651
tensorflow,9,acc,0.6353467561521253,0.883668903803132,0.8859060402684564
tensorflow,10,acc,0.6599552572706935,0.9149888143176734,0.9172259507829977
tensorflow,11,acc,0.6554809843400448,0.9038031319910514,0.9082774049217002
tensorflow,12,acc,0.6778523489932886,0.901565995525727,0.8948545861297539
tensorflow,13,acc,0.6711409395973155,0.9105145413870246,0.901565995525727
tensorflow,14,acc,0.6711409395973155,0.8926174496644296,0.8948545861297539
tensorflow,15,acc,0.6532438478747203,0.8791946308724832,0.8814317673378076
tensorflow,16,acc,0.6554809843400448,0.8814317673378076,0.8903803131991052
tensorflow,17,acc,0.668903803131991,0.8568232662192393,0.8814317673378076
tensorflow,18,acc,0.6666666666666666,0.883668903803132,0.8747203579418344
tensorflow,19,acc,0.6510067114093959,0.8769574944071589,0.8680089485458613
tensorflow,20,acc,0.6599552572706935,0.8747203579418344,0.8769574944071589
tensorflow,21,acc,0.639821029082774,0.87248322147651,0.8747203579418344
tensorflow,22,acc,0.6263982102908278,0.9082774049217002,0.9060402684563759
tensorflow,23,acc,0.6890380313199105,0.8926174496644296,0.8948545861297539
tensorflow,24,acc,0.6756152125279642,0.9060402684563759,0.8970917225950783
tensorflow,25,acc,0.6644295302013423,0.883668903803132,0.8926174496644296
tensorflow,26,acc,0.6174496644295302,0.8881431767337807,0.9038031319910514
tensorflow,27,acc,0.6733780760626398,0.883668903803132,0.8747203579418344
tensorflow,28,acc,0.6286353467561522,0.8970917225950783,0.901565995525727
tensorflow,29,acc,0.6532438478747203,0.9105145413870246,0.901565995525727
tensorflow,0,prec,0.5470338983050848,0.8748253918981841,0.8788733426122628
tensorflow,1,prec,0.5638087512041778,0.8543956043956045,0.8548259493670887
tensorflow,2,prec,0.5981330092797171,0.8101088101088101,0.8276881720430107
tensorflow,3,prec,0.5819246208742195,0.8018888888888889,0.8116666666666666
tensorflow,4,prec,0.5847203363847401,0.8255095222185098,0.8136833046471601
tensorflow,5,prec,0.5446141479099679,0.8205882352941176,0.8329022988505748
tensorflow,6,prec,0.575128633013489,0.835,0.8297560618269724
tensorflow,7,prec,0.5906040268456376,0.8035809018567639,0.8173452956061651
tensorflow,8,prec,0.5714040154015401,0.817953667953668,0.7914901363696545
tensorflow,9,prec,0.5576079948420374,0.8118528610354223,0.8215698483627574
tensorflow,10,prec,0.5532325098129762,0.8676255993329164,0.8788733426122628
tensorflow,11,prec,0.5537250261684795,0.8451224448492208,0.8548259493670887
tensorflow,12,prec,0.576526402640264,0.8404443701971267,0.8284787501654971
tensorflow,13,prec,0.5535534696614147,0.8713338385752178,0.8515555555555556
tensorflow,14,prec,0.5985457656116339,0.8401365823374205,0.8459544383346426
tensorflow,15,prec,0.5715697346132129,0.8055034396497811,0.8101088101088101
tensorflow,16,prec,0.5619870651204282,0.8152719508540606,0.8320160323643991
tensorflow,17,prec,0.5821438012159662,0.767271953468577,0.8074276462254604
tensorflow,18,prec,0.5757636387888488,0.8148318910483756,0.7989785785217762
tensorflow,19,prec,0.5429115677672594,0.8068999100988912,0.7888249945058969
tensorflow,20,prec,0.5325480015673981,0.8035809018567639,0.8068999100988912
tensorflow,21,prec,0.5487516570923553,0.7956451612903226,0.8035809018567639
tensorflow,22,prec,0.5452345977706731,0.8625009156838327,0.8598333333333333
tensorflow,23,prec,0.5956375838926175,0.8327476269835519,0.8403880731195685
tensorflow,24,prec,0.572632959146117,0.8520950594121326,0.8365645194913487
tensorflow,25,prec,0.5666071589984634,0.8309803100125681,0.8401365823374205
tensorflow,26,prec,0.5602853819631952,0.8289882531261842,0.8571321546299071
tensorflow,27,prec,0.565995812005584,0.8184444444444444,0.7977381696893893
tensorflow,28,prec,0.5320807314897413,0.8590699622957687,0.86447454308094
tensorflow,29,prec,0.5525850340136055,0.865136584305485,0.8423024523160763
tensorflow,0,rec,0.5691656828020465,0.8168044077134986,0.8392365210547028
tensorflow,1,rec,0.5825462416371507,0.806719795356159,0.838301849665486
tensorflow,2,rec,0.6456611570247934,0.7897481306572216,0.7998327430145612
tensorflow,3,rec,0.62047422274695,0.7673160173160174,0.7851731601731602
tensorflow,4,rec,0.6268693427784338,0.8195100354191263,0.8108028335301063
tensorflow,5,rec,0.5618850846123573,0.8378099173553719,0.8419421487603306
tensorflow,6,rec,0.6063065722156631,0.7966351829988194,0.7952577725304999
tensorflow,7,rec,0.6319362455726092,0.762741046831956,0.771448248720976
tensorflow,8,rec,0.6021743408107044,0.797077922077922,0.7888134592680047
tensorflow,9,rec,0.5879083038173947,0.800275482093664,0.7879279811097992
tensorflow,10,rec,0.5756099960645416,0.8470090515545061,0.8392365210547028
tensorflow,11,rec,0.5774301456119638,0.8355470287288469,0.838301849665486
tensorflow,12,rec,0.609504132231405,0.8341696182605274,0.8254624163715073
tensorflow,13,rec,0.5733471074380165,0.82137937819756,0.8112947658402203
tensorflow,14,rec,0.6511216056670602,0.7874852420306966,0.7888626524990161
tensorflow,15,rec,0.608077528532074,0.7883707201889021,0.7897481306572216
tensorflow,16,rec,0.591155057064148,0.7760232192050374,0.7906828020464385
tensorflow,17,rec,0.6222943722943723,0.747146792601338,0.7988980716253443
tensorflow,18,rec,0.61176702085793,0.7911255411255411,0.7764659582841401
tensorflow,19,rec,0.5609504132231405,0.7686934277843369,0.7586088154269972
tensorflow,20,rec,0.5435852026761118,0.762741046831956,0.7686934277843369
tensorflow,21,rec,0.5723632428177883,0.7705135773317591,0.762741046831956
tensorflow,22,rec,0.5686737504919324,0.8245769382133019,0.818624557260921
tensorflow,23,rec,0.6392660369933097,0.8012101534828808,0.7980125934671389
tensorflow,24,rec,0.603551751279024,0.8323494687131051,0.8176898858717041
tensorflow,25,rec,0.5966646989374262,0.7591007477371114,0.7874852420306966
tensorflow,26,rec,0.5951889020070839,0.7847304210940576,0.8126721763085399
tensorflow,27,rec,0.5930243998425817,0.7819756001574183,0.7810409287682014
tensorflow,28,rec,0.5471763085399449,0.7810901219992129,0.7929948839039749
tensorflow,29,rec,0.5760527351436442,0.8305293191656828,0.829594647776466
tensorflow,0,f1,0.5394364020400804,0.8414668747340048,0.8570638411878073
tensorflow,1,f1,0.5664342100605331,0.8274131274131274,0.846189353184561
tensorflow,2,f1,0.5973873327158326,0.7992509299822901,0.8125786163522013
tensorflow,3,f1,0.5797357168615733,0.7825724411090265,0.7972789115646258
tensorflow,4,f1,0.5807179435177204,0.822454653779955,0.8122297358515431
tensorflow,5,f1,0.5417858106285406,0.8287356321839081,0.8373007206813714
tensorflow,6,f1,0.5753462879920279,0.813633520950594,0.8107061680595287
tensorflow,7,f1,0.59076831176589,0.7803439803439803,0.7910349024900108
tensorflow,8,f1,0.5702149517938991,0.8068263665867319,0.7901391165399599
tensorflow,9,f1,0.546334173904922,0.805846976277982,0.8029798892048154
tensorflow,10,f1,0.5499443590694717,0.8567597652297105,0.8570638411878073
tensorflow,11,f1,0.5492535358826611,0.8402045142785883,0.846189353184561
tensorflow,12,f1,0.5761024182076814,0.8372500992982921,0.8269568153925986
tensorflow,13,f1,0.5527231143088579,0.8431028431028431,0.829164060871378
tensorflow,14,f1,0.5928633831702738,0.8097602496808058,0.8127423279527244
tensorflow,15,f1,0.5642589855664917,0.7964480874316939,0.7992509299822901
tensorflow,16,f1,0.5567075369635773,0.7931729887817015,0.8087825745340259
tensorflow,17,f1,0.5785168195718654,0.7564032697547685,0.8030427734131438
tensorflow,18,f1,0.5722597923048764,0.8020776566757493,0.7868528610354224
tensorflow,19,f1,0.5381007895712999,0.7853681959055393,0.772074773785963
tensorflow,20,f1,0.5300724838156365,0.7803439803439803,0.7853681959055393
tensorflow,21,f1,0.540279152959213,0.7819792067770504,0.7803439803439803
tensorflow,22,f1,0.5328861328210551,0.8416112834783811,0.8369293308317698
tensorflow,23,f1,0.5965730165635369,0.8154925701706109,0.8165873674101881
tensorflow,24,f1,0.5719210879141927,0.8416818457802064,0.8266039263307023
tensorflow,25,f1,0.5634310865715179,0.7871584499304081,0.8097602496808058
tensorflow,26,f1,0.5414284428712841,0.8038785538785539,0.8321969531625125
tensorflow,27,f1,0.5651519189765458,0.7981029810298103,0.788909127706942
tensorflow,28,f1,0.5221652671165834,0.8117170903230533,0.8218607347293674
tensorflow,29,f1,0.5476092534916065,0.8462438084755091,0.8357166722352155
tensorflow,0,auc,0.5691656828020464,0.8168044077134986,0.8392365210547029
tensorflow,1,auc,0.5825462416371507,0.8067197953561589,0.8383018496654859
tensorflow,2,auc,0.6456611570247934,0.7897481306572216,0.7998327430145612
tensorflow,3,auc,0.62047422274695,0.7673160173160174,0.7851731601731602
tensorflow,4,auc,0.6268693427784336,0.8195100354191263,0.8108028335301063
tensorflow,5,auc,0.5618850846123573,0.8378099173553719,0.8419421487603306
tensorflow,6,auc,0.6063065722156632,0.7966351829988193,0.7952577725304998
tensorflow,7,auc,0.6319362455726092,0.762741046831956,0.7714482487209761
tensorflow,8,auc,0.6021743408107044,0.7970779220779222,0.7888134592680047
tensorflow,9,auc,0.5879083038173947,0.8002754820936638,0.7879279811097993
tensorflow,10,auc,0.5756099960645416,0.8470090515545061,0.8392365210547029
tensorflow,11,auc,0.5774301456119637,0.835547028728847,0.8383018496654859
tensorflow,12,auc,0.609504132231405,0.8341696182605274,0.8254624163715074
tensorflow,13,auc,0.5733471074380165,0.82137937819756,0.8112947658402203
tensorflow,14,auc,0.6511216056670602,0.7874852420306966,0.7888626524990162
tensorflow,15,auc,0.6080775285320739,0.788370720188902,0.7897481306572216
tensorflow,16,auc,0.5911550570641481,0.7760232192050375,0.7906828020464384
tensorflow,17,auc,0.6222943722943725,0.7471467926013381,0.7988980716253443
tensorflow,18,auc,0.6117670208579299,0.7911255411255411,0.7764659582841401
tensorflow,19,auc,0.5609504132231405,0.7686934277843369,0.7586088154269973
tensorflow,20,auc,0.5435852026761118,0.762741046831956,0.7686934277843369
tensorflow,21,auc,0.5723632428177884,0.7705135773317592,0.762741046831956
tensorflow,22,auc,0.5686737504919324,0.8245769382133019,0.8186245572609209
tensorflow,23,auc,0.6392660369933097,0.8012101534828807,0.7980125934671389
tensorflow,24,auc,0.603551751279024,0.8323494687131051,0.8176898858717041
tensorflow,25,auc,0.5966646989374262,0.7591007477371113,0.7874852420306966
tensorflow,26,auc,0.5951889020070839,0.7847304210940574,0.8126721763085399
tensorflow,27,auc,0.5930243998425817,0.7819756001574184,0.7810409287682014
tensorflow,28,auc,0.5471763085399449,0.781090121999213,0.7929948839039748
tensorflow,29,auc,0.5760527351436442,0.8305293191656827,0.8295946477764661
tensorflow,0,time,0.04400491714477539,2.2251062393188477,2.6069681644439697
tensorflow,1,time,0.04215502738952637,2.160454034805298,2.4328739643096924
tensorflow,2,time,0.03406500816345215,2.2478461265563965,2.5558602809906006
tensorflow,3,time,0.04452800750732422,2.532371997833252,3.045001983642578
tensorflow,4,time,0.05010509490966797,2.152667760848999,2.774096727371216
tensorflow,5,time,0.04258990287780762,2.08650803565979,2.6852500438690186
tensorflow,6,time,0.042801856994628906,2.4624760150909424,2.311607837677002
tensorflow,7,time,0.04401373863220215,1.9973289966583252,2.284018039703369
tensorflow,8,time,0.0303802490234375,2.2048840522766113,2.3796939849853516
tensorflow,9,time,0.04388308525085449,1.9247901439666748,2.2848331928253174
tensorflow,10,time,0.03585529327392578,2.544508218765259,2.5611159801483154
tensorflow,11,time,0.043875932693481445,2.5050480365753174,3.3472070693969727
tensorflow,12,time,0.05771017074584961,2.9843971729278564,2.8078877925872803
tensorflow,13,time,0.04608321189880371,2.3763298988342285,2.347196340560913
tensorflow,14,time,0.03965282440185547,2.011939764022827,2.4527761936187744
tensorflow,15,time,0.042958974838256836,2.6534998416900635,2.350527048110962
tensorflow,16,time,0.043824195861816406,2.1865060329437256,2.5553269386291504
tensorflow,17,time,0.0414271354675293,2.074937105178833,2.4685542583465576
tensorflow,18,time,0.0489349365234375,2.2617101669311523,2.3841469287872314
tensorflow,19,time,0.03928184509277344,2.2125539779663086,2.562748908996582
tensorflow,20,time,0.0419619083404541,2.171628952026367,2.4698708057403564
tensorflow,21,time,0.040756940841674805,1.9648041725158691,2.3354220390319824
tensorflow,22,time,0.04555988311767578,2.2339940071105957,2.5909550189971924
tensorflow,23,time,0.04049372673034668,2.1973068714141846,2.364158868789673
tensorflow,24,time,0.040403127670288086,2.1489951610565186,2.4705209732055664
tensorflow,25,time,0.041507720947265625,2.329638957977295,2.5364630222320557
tensorflow,26,time,0.03924202919006348,2.1241650581359863,2.4241831302642822
tensorflow,27,time,0.042327880859375,1.9501848220825195,2.281355857849121
tensorflow,28,time,0.04316401481628418,2.1165130138397217,2.8347079753875732
tensorflow,29,time,0.044669151306152344,2.2138748168945312,2.41157603263855
keras,0,acc,0.7164179104477612,0.8557213930348259,0.8656716417910447
keras,1,acc,0.7412935323383084,0.8507462686567164,0.8059701492537313
keras,2,acc,0.736318407960199,0.8656716417910447,0.8507462686567164
keras,3,acc,0.7512437810945274,0.8756218905472637,0.845771144278607
keras,4,acc,0.736318407960199,0.8656716417910447,0.8308457711442786
keras,5,acc,0.736318407960199,0.835820895522388,0.8407960199004975
keras,6,acc,0.736318407960199,0.8606965174129353,0.8507462686567164
keras,7,acc,0.746268656716418,0.8706467661691543,0.8656716417910447
keras,8,acc,0.7562189054726368,0.9054726368159204,0.8955223880597015
keras,9,acc,0.7860696517412935,0.835820895522388,0.8407960199004975
keras,10,acc,0.7014925373134329,0.835820895522388,0.8308457711442786
keras,11,acc,0.7711442786069652,0.8656716417910447,0.8258706467661692
keras,12,acc,0.736318407960199,0.8507462686567164,0.845771144278607
keras,13,acc,0.7412935323383084,0.8706467661691543,0.845771144278607
keras,14,acc,0.7810945273631841,0.8905472636815921,0.8955223880597015
keras,15,acc,0.736318407960199,0.8407960199004975,0.8407960199004975
keras,16,acc,0.7512437810945274,0.8805970149253731,0.8407960199004975
keras,17,acc,0.7164179104477612,0.8656716417910447,0.8706467661691543
keras,18,acc,0.7412935323383084,0.8706467661691543,0.8756218905472637
keras,19,acc,0.7313432835820896,0.8855721393034826,0.8557213930348259
keras,20,acc,0.746268656716418,0.8905472636815921,0.8805970149253731
keras,21,acc,0.7810945273631841,0.8557213930348259,0.8308457711442786
keras,22,acc,0.736318407960199,0.835820895522388,0.8507462686567164
keras,23,acc,0.7562189054726368,0.8756218905472637,0.8706467661691543
keras,24,acc,0.7512437810945274,0.9104477611940298,0.9104477611940298
keras,25,acc,0.7114427860696517,0.8905472636815921,0.8706467661691543
keras,26,acc,0.7810945273631841,0.8706467661691543,0.8656716417910447
keras,27,acc,0.7164179104477612,0.8507462686567164,0.8557213930348259
keras,28,acc,0.7512437810945274,0.835820895522388,0.835820895522388
keras,29,acc,0.7711442786069652,0.8507462686567164,0.8407960199004975
keras,0,prec,0.4788135593220339,0.7818181818181817,0.8111111111111111
keras,1,prec,0.56214915797915,0.774354561101549,0.6935672514619883
keras,2,prec,0.49779005524861875,0.8020429728777738,0.774354561101549
keras,3,prec,0.6068721160184575,0.819742867206763,0.7648989898989899
keras,4,prec,0.5564327485380117,0.7987373737373737,0.7393704680290046
keras,5,prec,0.5374725274725275,0.7473045822102427,0.7548780487804878
keras,6,prec,0.49779005524861875,0.79491341991342,0.77988614800759
keras,7,prec,0.5760233918128654,0.8130411255411256,0.8020429728777738
keras,8,prec,0.5889760528488852,0.8894736842105263,0.8908791208791209
keras,9,prec,0.6366022099447514,0.7473045822102427,0.755932762030323
keras,10,prec,0.5148881239242685,0.7476838448176029,0.7400647630261996
keras,11,prec,0.6119318181818182,0.8111111111111111,0.7317862426035503
keras,12,prec,0.5261299435028248,0.77988614800759,0.7666431842197957
keras,13,prec,0.56214915797915,0.8314176245210728,0.7689534023668638
keras,14,prec,0.6388888888888888,0.838744232036915,0.8447691314175008
keras,15,prec,0.49779005524861875,0.755932762030323,0.755932762030323
keras,16,prec,0.56625,0.8221819380355966,0.755932762030323
keras,17,prec,0.5059867877786953,0.7940217391304347,0.8130411255411256
keras,18,prec,0.5533205619412516,0.8240777866880513,0.837943848059455
keras,19,prec,0.5075720566682951,0.8325757575757575,0.7798676138198257
keras,20,prec,0.6013884404262189,0.8288195466588166,0.8188509021842355
keras,21,prec,0.6059139784946237,0.778416149068323,0.7408119658119658
keras,22,prec,0.5261299435028248,0.7489432898908066,0.7724950560316415
keras,23,prec,0.5533149171270718,0.8123183726186632,0.8029439696106362
keras,24,prec,0.56625,0.8781411359724614,0.8718688200395518
keras,25,prec,0.5129032258064516,0.8643744987971131,0.8089500860585198
keras,26,prec,0.6253968253968254,0.7980769230769231,0.7924528301886793
keras,27,prec,0.5172514619883041,0.77988614800759,0.7915204678362573
keras,28,prec,0.5891840607210626,0.747979797979798,0.7503698224852071
keras,29,prec,0.6174968071519795,0.77988614800759,0.7586580086580086
keras,0,rec,0.48628048780487804,0.7551829268292682,0.7432926829268293
keras,1,rec,0.5472560975609756,0.7429878048780488,0.6513719512195122
keras,2,rec,0.49878048780487805,0.7614329268292683,0.7429878048780488
keras,3,rec,0.5988567073170732,0.7767530487804878,0.7398628048780488
keras,4,rec,0.5441310975609757,0.7705030487804878,0.7214176829268293
keras,5,rec,0.5259908536585366,0.7517530487804878,0.7548780487804878
keras,6,rec,0.49878048780487805,0.7492378048780488,0.7248475609756098
keras,7,rec,0.5594512195121951,0.7645579268292683,0.7614329268292683
keras,8,rec,0.5657012195121951,0.8045731707317073,0.7711128048780488
keras,9,rec,0.5753810975609757,0.7517530487804878,0.7367378048780489
keras,10,rec,0.5131859756097561,0.7608231707317072,0.7486280487804877
keras,11,rec,0.5750762195121951,0.7432926829268293,0.6910823170731707
keras,12,rec,0.516920731707317,0.7248475609756098,0.7307926829268293
keras,13,rec,0.5472560975609756,0.7373475609756097,0.7217225609756097
keras,14,rec,0.5994664634146342,0.8133384146341464,0.8255335365853658
keras,15,rec,0.49878048780487805,0.7367378048780489,0.7367378048780489
keras,16,rec,0.5444359756097561,0.7980182926829269,0.7367378048780489
keras,17,rec,0.504420731707317,0.7886432926829268,0.7645579268292683
keras,18,rec,0.5381859756097561,0.7464176829268293,0.7495426829268292
keras,19,rec,0.5047256097560975,0.8011432926829268,0.7642530487804877
keras,20,rec,0.5957317073170731,0.8405487804878049,0.8070884146341464
keras,21,rec,0.5450457317073171,0.7733231707317073,0.7576981707317073
keras,22,rec,0.516920731707317,0.7154725609756097,0.7520579268292682
keras,23,rec,0.5294207317073171,0.7948932926829269,0.7917682926829268
keras,24,rec,0.5444359756097561,0.8349085365853659,0.8439786585365854
keras,25,rec,0.5103658536585366,0.7770579268292683,0.7736280487804879
keras,26,rec,0.5722560975609756,0.8189786585365854,0.7977134146341464
keras,27,rec,0.5134908536585365,0.7248475609756098,0.7279725609756098
keras,28,rec,0.5716463414634146,0.7245426829268293,0.7064024390243903
keras,29,rec,0.5841463414634147,0.7248475609756098,0.7185975609756098
keras,0,f1,0.4769687286007761,0.7670729270729271,0.7690736564401515
keras,1,f1,0.5502581755593804,0.7566193090087181,0.6664397259691077
keras,2,f1,0.4878611605211288,0.7787155963302752,0.7566193090087181
keras,3,f1,0.602326685660019,0.7951070336391437,0.751008991008991
keras,4,f1,0.5467001404195566,0.7831368631368631,0.7295821462488129
keras,5,f1,0.5253731343283582,0.7494806813460739,0.7548780487804878
keras,6,f1,0.4878611605211288,0.7681278839815425,0.7462121212121212
keras,7,f1,0.5638057954980639,0.784690177982861,0.7787155963302752
keras,8,f1,0.5713539626583105,0.8374962767541807,0.8119402985074626
keras,9,f1,0.5844911302341234,0.7494806813460739,0.7454890788224122
keras,10,f1,0.5132386180174362,0.7538318797550566,0.7441599281221922
keras,11,f1,0.5830627705627706,0.7690736564401515,0.7070824832410376
keras,12,f1,0.5136726774708971,0.7462121212121212,0.7459327217125382
keras,13,f1,0.5502581755593804,0.7699013737231419,0.7405587708706333
keras,14,f1,0.6106023247622402,0.8250237416904084,0.8345808676568562
keras,15,f1,0.4878611605211288,0.7454890788224122,0.7454890788224122
keras,16,f1,0.5468073593073592,0.809116809116809,0.7454890788224122
keras,17,f1,0.5013709361535448,0.7912772585669782,0.784690177982861
keras,18,f1,0.5398027474462839,0.7751290877796901,0.7813030421726074
keras,19,f1,0.49824334319526625,0.8152647352647353,0.7715640553356586
keras,20,f1,0.5982678214523651,0.8344564240790656,0.8127329192546584
keras,21,f1,0.5435590421139553,0.7758163147571246,0.7485281130409185
keras,22,f1,0.5136726774708971,0.7295412844036697,0.7613960113960114
keras,23,f1,0.5265131484063266,0.8030724614962574,0.7971273291925466
keras,24,f1,0.5468073593073592,0.8539715854052309,0.8568376068376069
keras,25,f1,0.5093434343434343,0.8097246127366609,0.7890700678075557
keras,26,f1,0.5804554079696395,0.8076979687959964,0.7950296483740604
keras,27,f1,0.512488830262542,0.7462121212121212,0.7519680013616441
keras,28,f1,0.577020202020202,0.7349450549450549,0.7238206270558354
keras,29,f1,0.5929024304332512,0.7462121212121212,0.7350032959789057
keras,0,auc,0.4862804878048781,0.7551829268292684,0.7432926829268293
keras,1,auc,0.5472560975609756,0.7429878048780488,0.6513719512195122
keras,2,auc,0.4987804878048781,0.7614329268292683,0.7429878048780488
keras,3,auc,0.5988567073170732,0.7767530487804879,0.7398628048780488
keras,4,auc,0.5441310975609757,0.7705030487804879,0.7214176829268293
keras,5,auc,0.5259908536585365,0.7517530487804879,0.7548780487804879
keras,6,auc,0.4987804878048781,0.7492378048780488,0.7248475609756098
keras,7,auc,0.5594512195121951,0.7645579268292684,0.7614329268292683
keras,8,auc,0.5657012195121951,0.8045731707317073,0.7711128048780488
keras,9,auc,0.5753810975609757,0.7517530487804879,0.7367378048780487
keras,10,auc,0.5131859756097561,0.7608231707317074,0.7486280487804878
keras,11,auc,0.5750762195121951,0.7432926829268293,0.6910823170731707
keras,12,auc,0.516920731707317,0.7248475609756098,0.7307926829268293
keras,13,auc,0.5472560975609756,0.7373475609756098,0.7217225609756097
keras,14,auc,0.5994664634146342,0.8133384146341464,0.8255335365853658
keras,15,auc,0.4987804878048781,0.7367378048780487,0.7367378048780487
keras,16,auc,0.5444359756097561,0.7980182926829269,0.7367378048780487
keras,17,auc,0.504420731707317,0.7886432926829269,0.7645579268292684
keras,18,auc,0.5381859756097561,0.7464176829268293,0.7495426829268292
keras,19,auc,0.5047256097560976,0.8011432926829269,0.7642530487804878
keras,20,auc,0.5957317073170733,0.8405487804878049,0.8070884146341464
keras,21,auc,0.5450457317073171,0.7733231707317073,0.7576981707317073
keras,22,auc,0.516920731707317,0.7154725609756096,0.7520579268292683
keras,23,auc,0.529420731707317,0.7948932926829269,0.7917682926829269
keras,24,auc,0.5444359756097561,0.8349085365853659,0.8439786585365854
keras,25,auc,0.5103658536585365,0.7770579268292683,0.7736280487804879
keras,26,auc,0.5722560975609756,0.8189786585365854,0.7977134146341465
keras,27,auc,0.5134908536585365,0.7248475609756098,0.7279725609756097
keras,28,auc,0.5716463414634146,0.7245426829268292,0.7064024390243903
keras,29,auc,0.5841463414634147,0.7248475609756098,0.7185975609756098
keras,0,time,0.017061948776245117,0.5422368049621582,0.6539788246154785
keras,1,time,0.017123937606811523,0.5847978591918945,0.6320321559906006
keras,2,time,0.015180826187133789,0.5239732265472412,0.6566228866577148
keras,3,time,0.016481876373291016,0.5916562080383301,0.8177809715270996
keras,4,time,0.01435995101928711,0.5748710632324219,0.6348757743835449
keras,5,time,0.015136003494262695,0.6084599494934082,0.7043280601501465
keras,6,time,0.014936685562133789,0.5899221897125244,0.7549271583557129
keras,7,time,0.02158498764038086,0.9860079288482666,1.274596929550171
keras,8,time,0.017717838287353516,0.6040909290313721,0.6757817268371582
keras,9,time,0.015481948852539062,0.6347568035125732,0.6742138862609863
keras,10,time,0.015806913375854492,0.5911548137664795,0.7278509140014648
keras,11,time,0.01985478401184082,0.6124651432037354,0.6632869243621826
keras,12,time,0.014336585998535156,0.5592739582061768,0.7422177791595459
keras,13,time,0.012971878051757812,0.5765151977539062,0.6780381202697754
keras,14,time,0.013981103897094727,0.5990631580352783,0.6797928810119629
keras,15,time,0.014497995376586914,0.530646800994873,0.6727359294891357
keras,16,time,0.018706798553466797,0.6219499111175537,0.7254369258880615
keras,17,time,0.016964197158813477,0.566044807434082,0.656609058380127
keras,18,time,0.0171358585357666,0.659264087677002,0.6999990940093994
keras,19,time,0.03566098213195801,0.8695721626281738,0.8016860485076904
keras,20,time,0.020777225494384766,0.8348100185394287,0.9995460510253906
keras,21,time,0.020933151245117188,0.7582190036773682,0.8474390506744385
keras,22,time,0.01486515998840332,0.6046698093414307,0.6901860237121582
keras,23,time,0.015205860137939453,0.612076997756958,0.712928056716919
keras,24,time,0.014067411422729492,0.5794999599456787,0.6889290809631348
keras,25,time,0.014302253723144531,0.5949490070343018,0.8936138153076172
keras,26,time,0.01994800567626953,0.582489013671875,0.730374813079834
keras,27,time,0.029820919036865234,0.8506488800048828,0.7637100219726562
keras,28,time,0.01497197151184082,0.5977029800415039,0.9557290077209473
keras,29,time,0.023253679275512695,0.5833148956298828,0.7166018486022949
incubator-mxnet,0,acc,0.864516129032258,0.9096774193548387,0.8903225806451613
incubator-mxnet,1,acc,0.832258064516129,0.864516129032258,0.896774193548387
incubator-mxnet,2,acc,0.8387096774193549,0.8709677419354839,0.864516129032258
incubator-mxnet,3,acc,0.8580645161290322,0.896774193548387,0.8838709677419355
incubator-mxnet,4,acc,0.864516129032258,0.8709677419354839,0.8709677419354839
incubator-mxnet,5,acc,0.864516129032258,0.9225806451612903,0.9032258064516129
incubator-mxnet,6,acc,0.8516129032258064,0.9096774193548387,0.8903225806451613
incubator-mxnet,7,acc,0.8387096774193549,0.864516129032258,0.8580645161290322
incubator-mxnet,8,acc,0.8387096774193549,0.8709677419354839,0.864516129032258
incubator-mxnet,9,acc,0.8451612903225807,0.9290322580645162,0.9290322580645162
incubator-mxnet,10,acc,0.8451612903225807,0.9032258064516129,0.896774193548387
incubator-mxnet,11,acc,0.8451612903225807,0.9032258064516129,0.896774193548387
incubator-mxnet,12,acc,0.8451612903225807,0.9161290322580645,0.9032258064516129
incubator-mxnet,13,acc,0.864516129032258,0.9096774193548387,0.8774193548387097
incubator-mxnet,14,acc,0.8387096774193549,0.8709677419354839,0.8709677419354839
incubator-mxnet,15,acc,0.864516129032258,0.8709677419354839,0.896774193548387
incubator-mxnet,16,acc,0.8580645161290322,0.8838709677419355,0.9032258064516129
incubator-mxnet,17,acc,0.864516129032258,0.8903225806451613,0.8774193548387097
incubator-mxnet,18,acc,0.8838709677419355,0.8774193548387097,0.8580645161290322
incubator-mxnet,19,acc,0.864516129032258,0.9032258064516129,0.8903225806451613
incubator-mxnet,20,acc,0.8451612903225807,0.9161290322580645,0.8838709677419355
incubator-mxnet,21,acc,0.8451612903225807,0.8838709677419355,0.8451612903225807
incubator-mxnet,22,acc,0.8451612903225807,0.8838709677419355,0.896774193548387
incubator-mxnet,23,acc,0.832258064516129,0.8903225806451613,0.896774193548387
incubator-mxnet,24,acc,0.832258064516129,0.896774193548387,0.8903225806451613
incubator-mxnet,25,acc,0.8516129032258064,0.896774193548387,0.896774193548387
incubator-mxnet,26,acc,0.8387096774193549,0.896774193548387,0.896774193548387
incubator-mxnet,27,acc,0.864516129032258,0.8903225806451613,0.8838709677419355
incubator-mxnet,28,acc,0.8516129032258064,0.9032258064516129,0.896774193548387
incubator-mxnet,29,acc,0.8774193548387097,0.9290322580645162,0.896774193548387
incubator-mxnet,0,prec,0.6568532818532818,0.8365384615384616,0.8064671814671815
incubator-mxnet,1,prec,0.5379310344827586,0.667427701674277,0.7913752913752914
incubator-mxnet,2,prec,0.5773358585858586,0.7039007092198581,0.6869047619047619
incubator-mxnet,3,prec,0.5620860927152318,0.8051724137931034,0.7614795918367347
incubator-mxnet,4,prec,0.667427701674277,0.7098540145985401,0.7039007092198581
incubator-mxnet,5,prec,0.64,0.9591836734693877,0.7976190476190477
incubator-mxnet,6,prec,0.5366666666666666,0.8113758992805755,0.7654387865655472
incubator-mxnet,7,prec,0.5494672754946728,0.6751893939393939,0.6296768707482994
incubator-mxnet,8,prec,0.5072393822393823,0.7039007092198581,0.6814734561213435
incubator-mxnet,9,prec,0.5637755102040816,0.8913867822318526,0.8463622291021672
incubator-mxnet,10,prec,0.5637755102040816,0.7976190476190477,0.7913752913752914
incubator-mxnet,11,prec,0.5195749440715883,0.807421451787649,0.7765287769784173
incubator-mxnet,12,prec,0.4337748344370861,0.8239556692242114,0.7976190476190477
incubator-mxnet,13,prec,0.667427701674277,0.8113758992805755,0.7241161616161615
incubator-mxnet,14,prec,0.5494672754946728,0.7039007092198581,0.7194656488549618
incubator-mxnet,15,prec,0.64,0.6982758620689655,0.7913752913752914
incubator-mxnet,16,prec,0.5620860927152318,0.7796420581655481,0.8812741312741312
incubator-mxnet,17,prec,0.64,0.8064671814671815,0.7238095238095238
incubator-mxnet,18,prec,0.7517241379310344,0.7234561213434453,0.6646403242147922
incubator-mxnet,19,prec,0.6041666666666666,0.7816205533596838,0.7607142857142857
incubator-mxnet,20,prec,0.5913793103448276,0.8109452736318408,0.741681654676259
incubator-mxnet,21,prec,0.5913793103448276,0.7462121212121212,0.6469991889699919
incubator-mxnet,22,prec,0.5637755102040816,0.7462121212121212,0.78242147922999
incubator-mxnet,23,prec,0.5379310344827586,0.7730429292929293,0.7913752913752914
incubator-mxnet,24,prec,0.43288590604026844,0.78242147922999,0.7578857630008525
incubator-mxnet,25,prec,0.5366666666666666,0.78242147922999,0.7913752913752914
incubator-mxnet,26,prec,0.5773358585858586,0.8051724137931034,0.7913752913752914
incubator-mxnet,27,prec,0.64,0.8064671814671815,0.7462121212121212
incubator-mxnet,28,prec,0.4342105263157895,0.807421451787649,0.78242147922999
incubator-mxnet,29,prec,0.7433333333333334,0.8569906223358909,0.78242147922999
incubator-mxnet,0,rec,0.5601851851851851,0.7138888888888889,0.6175925925925926
incubator-mxnet,1,rec,0.5203703703703704,0.5814814814814815,0.6851851851851851
incubator-mxnet,2,rec,0.5453703703703704,0.6490740740740741,0.6453703703703704
incubator-mxnet,3,rec,0.5138888888888888,0.6638888888888889,0.6138888888888889
incubator-mxnet,4,rec,0.5814814814814815,0.6916666666666667,0.6490740740740741
incubator-mxnet,5,rec,0.5388888888888889,0.7,0.7314814814814814
incubator-mxnet,6,rec,0.5101851851851852,0.7564814814814815,0.6814814814814815
incubator-mxnet,7,rec,0.5240740740740741,0.6027777777777779,0.5564814814814815
incubator-mxnet,8,rec,0.5027777777777778,0.6490740740740741,0.6240740740740741
incubator-mxnet,9,rec,0.5277777777777778,0.7675925925925926,0.8314814814814815
incubator-mxnet,10,rec,0.5277777777777778,0.7314814814814814,0.6851851851851851
incubator-mxnet,11,rec,0.5064814814814814,0.7101851851851851,0.7277777777777779
incubator-mxnet,12,rec,0.48518518518518516,0.7814814814814814,0.7314814814814814
incubator-mxnet,13,rec,0.5814814814814815,0.7564814814814815,0.6314814814814814
incubator-mxnet,14,rec,0.5240740740740741,0.6490740740740741,0.7555555555555555
incubator-mxnet,15,rec,0.5388888888888889,0.6064814814814814,0.6851851851851851
incubator-mxnet,16,rec,0.5138888888888888,0.5925925925925926,0.6462962962962963
incubator-mxnet,17,rec,0.5388888888888889,0.6175925925925926,0.674074074074074
incubator-mxnet,18,rec,0.6351851851851852,0.6527777777777778,0.6203703703703703
incubator-mxnet,19,rec,0.5175925925925926,0.8166666666666667,0.7027777777777778
incubator-mxnet,20,rec,0.549074074074074,0.8240740740740741,0.6990740740740741
incubator-mxnet,21,rec,0.549074074074074,0.6564814814814814,0.6342592592592593
incubator-mxnet,22,rec,0.5277777777777778,0.6564814814814814,0.7064814814814815
incubator-mxnet,23,rec,0.5203703703703704,0.6601851851851852,0.6851851851851851
incubator-mxnet,24,rec,0.4777777777777778,0.7064814814814815,0.7240740740740741
incubator-mxnet,25,rec,0.5101851851851852,0.7064814814814815,0.6851851851851851
incubator-mxnet,26,rec,0.5453703703703704,0.6638888888888889,0.6851851851851851
incubator-mxnet,27,rec,0.5388888888888889,0.6175925925925926,0.6564814814814814
incubator-mxnet,28,rec,0.4888888888888889,0.7101851851851851,0.7064814814814815
incubator-mxnet,29,rec,0.5675925925925925,0.8101851851851851,0.7064814814814815
incubator-mxnet,0,f1,0.5740086376128779,0.756070143884892,0.6551498494961392
incubator-mxnet,1,f1,0.5202380952380953,0.600564486440054,0.7212230215827338
incubator-mxnet,2,f1,0.5519713261648745,0.6696504688832055,0.6618181818181819
incubator-mxnet,3,f1,0.5032051282051282,0.7047619047619047,0.6466565349544073
incubator-mxnet,4,f1,0.600564486440054,0.7000773993808049,0.6696504688832055
incubator-mxnet,5,f1,0.5431578947368421,0.7644376899696048,0.7584415584415585
incubator-mxnet,6,f1,0.4996491228070175,0.7800081103000811,0.7117383218466251
incubator-mxnet,7,f1,0.5244815314762548,0.6236559139784946,0.5681357649442755
incubator-mxnet,8,f1,0.49286742572961656,0.6696504688832055,0.6439120446340663
incubator-mxnet,9,f1,0.5288753799392097,0.8134777376654633,0.8386791560223295
incubator-mxnet,10,f1,0.5288753799392097,0.7584415584415585,0.7212230215827338
incubator-mxnet,11,f1,0.49620801733477793,0.7456514604529045,0.7485806974858069
incubator-mxnet,12,f1,0.458041958041958,0.8005148005148005,0.7584415584415585
incubator-mxnet,13,f1,0.600564486440054,0.7800081103000811,0.6594982078853047
incubator-mxnet,14,f1,0.5244815314762548,0.6696504688832055,0.7351332877648666
incubator-mxnet,15,f1,0.5431578947368421,0.6309523809523809,0.7212230215827338
incubator-mxnet,16,f1,0.5032051282051282,0.6221560130010835,0.6957204554377698
incubator-mxnet,17,f1,0.5431578947368421,0.6551498494961392,0.694025974025974
incubator-mxnet,18,f1,0.6678571428571429,0.6778251832403457,0.636615515771526
incubator-mxnet,19,f1,0.5068928950159067,0.7974915077083877,0.7262337662337662
incubator-mxnet,20,f1,0.5571428571428572,0.8172998458609122,0.7171532846715328
incubator-mxnet,21,f1,0.5571428571428572,0.6863758992805755,0.6400928792569659
incubator-mxnet,22,f1,0.5288753799392097,0.6863758992805755,0.7357203751065644
incubator-mxnet,23,f1,0.5202380952380953,0.6953405017921147,0.7212230215827338
incubator-mxnet,24,f1,0.45422535211267606,0.7357203751065644,0.7391347391347391
incubator-mxnet,25,f1,0.4996491228070175,0.7357203751065644,0.7212230215827338
incubator-mxnet,26,f1,0.5519713261648745,0.7047619047619047,0.7212230215827338
incubator-mxnet,27,f1,0.5431578947368421,0.6551498494961392,0.6863758992805755
incubator-mxnet,28,f1,0.45993031358885017,0.7456514604529045,0.7357203751065644
incubator-mxnet,29,f1,0.5866666666666667,0.8312048312048312,0.7357203751065644
incubator-mxnet,0,auc,0.5601851851851851,0.7138888888888888,0.6175925925925926
incubator-mxnet,1,auc,0.5203703703703704,0.5814814814814815,0.6851851851851851
incubator-mxnet,2,auc,0.5453703703703704,0.6490740740740741,0.6453703703703704
incubator-mxnet,3,auc,0.5138888888888888,0.663888888888889,0.6138888888888888
incubator-mxnet,4,auc,0.5814814814814815,0.6916666666666667,0.6490740740740741
incubator-mxnet,5,auc,0.5388888888888889,0.7,0.7314814814814816
incubator-mxnet,6,auc,0.5101851851851852,0.7564814814814815,0.6814814814814815
incubator-mxnet,7,auc,0.5240740740740741,0.6027777777777777,0.5564814814814815
incubator-mxnet,8,auc,0.5027777777777778,0.6490740740740741,0.6240740740740741
incubator-mxnet,9,auc,0.5277777777777779,0.7675925925925926,0.8314814814814815
incubator-mxnet,10,auc,0.5277777777777779,0.7314814814814816,0.6851851851851851
incubator-mxnet,11,auc,0.5064814814814815,0.7101851851851851,0.7277777777777777
incubator-mxnet,12,auc,0.48518518518518516,0.7814814814814816,0.7314814814814816
incubator-mxnet,13,auc,0.5814814814814815,0.7564814814814815,0.6314814814814815
incubator-mxnet,14,auc,0.5240740740740741,0.6490740740740741,0.7555555555555555
incubator-mxnet,15,auc,0.5388888888888889,0.6064814814814815,0.6851851851851851
incubator-mxnet,16,auc,0.5138888888888888,0.5925925925925926,0.6462962962962963
incubator-mxnet,17,auc,0.5388888888888889,0.6175925925925926,0.674074074074074
incubator-mxnet,18,auc,0.6351851851851852,0.6527777777777779,0.6203703703703703
incubator-mxnet,19,auc,0.5175925925925926,0.8166666666666667,0.7027777777777778
incubator-mxnet,20,auc,0.5490740740740742,0.8240740740740741,0.6990740740740742
incubator-mxnet,21,auc,0.5490740740740742,0.6564814814814817,0.6342592592592593
incubator-mxnet,22,auc,0.5277777777777779,0.6564814814814817,0.7064814814814815
incubator-mxnet,23,auc,0.5203703703703704,0.6601851851851852,0.6851851851851851
incubator-mxnet,24,auc,0.4777777777777778,0.7064814814814815,0.7240740740740741
incubator-mxnet,25,auc,0.5101851851851852,0.7064814814814815,0.6851851851851851
incubator-mxnet,26,auc,0.5453703703703704,0.663888888888889,0.6851851851851851
incubator-mxnet,27,auc,0.5388888888888889,0.6175925925925926,0.6564814814814817
incubator-mxnet,28,auc,0.4888888888888889,0.7101851851851851,0.7064814814814815
incubator-mxnet,29,auc,0.5675925925925925,0.8101851851851851,0.7064814814814815
incubator-mxnet,0,time,0.01599907875061035,0.9095518589019775,0.5052988529205322
incubator-mxnet,1,time,0.013507843017578125,0.40234923362731934,0.4414379596710205
incubator-mxnet,2,time,0.012789011001586914,0.4004631042480469,0.4834890365600586
incubator-mxnet,3,time,0.013601064682006836,0.41123104095458984,0.4573531150817871
incubator-mxnet,4,time,0.010636091232299805,0.41140222549438477,0.4411938190460205
incubator-mxnet,5,time,0.01018524169921875,0.4184131622314453,0.45931482315063477
incubator-mxnet,6,time,0.01104593276977539,0.40301966667175293,0.47078394889831543
incubator-mxnet,7,time,0.010288715362548828,0.39061808586120605,0.43582892417907715
incubator-mxnet,8,time,0.009994029998779297,0.4313669204711914,0.48299503326416016
incubator-mxnet,9,time,0.011046886444091797,0.40016818046569824,0.4793131351470947
incubator-mxnet,10,time,0.010658740997314453,0.3929409980773926,0.4554603099822998
incubator-mxnet,11,time,0.01081705093383789,0.41236090660095215,0.5060873031616211
incubator-mxnet,12,time,0.01258707046508789,0.48391222953796387,0.5247719287872314
incubator-mxnet,13,time,0.01382136344909668,0.4085390567779541,0.45487093925476074
incubator-mxnet,14,time,0.010864734649658203,0.41825199127197266,0.5019118785858154
incubator-mxnet,15,time,0.015986204147338867,0.4144423007965088,0.49074530601501465
incubator-mxnet,16,time,0.03872489929199219,0.5255241394042969,0.5308668613433838
incubator-mxnet,17,time,0.014512777328491211,0.3999931812286377,0.45503926277160645
incubator-mxnet,18,time,0.012861013412475586,0.3967010974884033,0.45647311210632324
incubator-mxnet,19,time,0.011723995208740234,0.430316686630249,0.501244068145752
incubator-mxnet,20,time,0.011066913604736328,0.3910372257232666,0.4438498020172119
incubator-mxnet,21,time,0.010019779205322266,0.417863130569458,0.45616579055786133
incubator-mxnet,22,time,0.009958982467651367,0.4139876365661621,0.5160717964172363
incubator-mxnet,23,time,0.010033845901489258,0.38601112365722656,0.4344959259033203
incubator-mxnet,24,time,0.010646820068359375,0.9385809898376465,0.4972717761993408
incubator-mxnet,25,time,0.013481855392456055,0.4022541046142578,0.5275888442993164
incubator-mxnet,26,time,0.013177156448364258,0.4821457862854004,0.5337522029876709
incubator-mxnet,27,time,0.013481855392456055,0.39635300636291504,0.45002079010009766
incubator-mxnet,28,time,0.010771989822387695,0.4021289348602295,0.4461338520050049
incubator-mxnet,29,time,0.010976076126098633,0.392719030380249,0.49602675437927246
caffe,0,acc,0.9069767441860465,0.8953488372093024,0.8953488372093024
caffe,1,acc,0.8488372093023255,0.8837209302325582,0.872093023255814
caffe,2,acc,0.8953488372093024,0.8953488372093024,0.9069767441860465
caffe,3,acc,0.9069767441860465,0.813953488372093,0.8837209302325582
caffe,4,acc,0.8837209302325582,0.872093023255814,0.8837209302325582
caffe,5,acc,0.8953488372093024,0.8953488372093024,0.8488372093023255
caffe,6,acc,0.8953488372093024,0.8604651162790697,0.9186046511627907
caffe,7,acc,0.872093023255814,0.8837209302325582,0.872093023255814
caffe,8,acc,0.8488372093023255,0.8837209302325582,0.8837209302325582
caffe,9,acc,0.8372093023255814,0.8604651162790697,0.8953488372093024
caffe,10,acc,0.8953488372093024,0.872093023255814,0.8488372093023255
caffe,11,acc,0.8488372093023255,0.8837209302325582,0.872093023255814
caffe,12,acc,0.8488372093023255,0.8488372093023255,0.872093023255814
caffe,13,acc,0.8837209302325582,0.9186046511627907,0.8953488372093024
caffe,14,acc,0.9069767441860465,0.8837209302325582,0.9069767441860465
caffe,15,acc,0.8488372093023255,0.9186046511627907,0.8837209302325582
caffe,16,acc,0.8837209302325582,0.8488372093023255,0.8953488372093024
caffe,17,acc,0.8837209302325582,0.9302325581395349,0.9186046511627907
caffe,18,acc,0.8837209302325582,0.8604651162790697,0.8488372093023255
caffe,19,acc,0.8953488372093024,0.8837209302325582,0.872093023255814
caffe,20,acc,0.9186046511627907,0.8255813953488372,0.872093023255814
caffe,21,acc,0.8837209302325582,0.8837209302325582,0.8837209302325582
caffe,22,acc,0.8837209302325582,0.872093023255814,0.9069767441860465
caffe,23,acc,0.8953488372093024,0.8604651162790697,0.8604651162790697
caffe,24,acc,0.8953488372093024,0.8837209302325582,0.8953488372093024
caffe,25,acc,0.8255813953488372,0.872093023255814,0.8837209302325582
caffe,26,acc,0.8604651162790697,0.872093023255814,0.9186046511627907
caffe,27,acc,0.872093023255814,0.8604651162790697,0.9069767441860465
caffe,28,acc,0.872093023255814,0.8604651162790697,0.8837209302325582
caffe,29,acc,0.9069767441860465,0.8488372093023255,0.9069767441860465
caffe,0,prec,0.9523809523809523,0.785140562248996,0.7567901234567901
caffe,1,prec,0.4397590361445783,0.70625,0.6699819168173599
caffe,2,prec,0.9470588235294117,0.9470588235294117,0.9523809523809523
caffe,3,prec,0.8323170731707317,0.5048076923076923,0.70625
caffe,4,prec,0.6964285714285714,0.6124497991967871,0.7012195121951219
caffe,5,prec,0.9470588235294117,0.785140562248996,0.5922242314647378
caffe,6,prec,0.785140562248996,0.5701219512195121,0.9578313253012047
caffe,7,prec,0.6506172839506172,0.70625,0.6506172839506172
caffe,8,prec,0.5922242314647378,0.6964285714285714,0.6964285714285714
caffe,9,prec,0.43902439024390244,0.5701219512195121,0.785140562248996
caffe,10,prec,0.785140562248996,0.6124497991967871,0.5922242314647378
caffe,11,prec,0.5444444444444444,0.70625,0.6699819168173599
caffe,12,prec,0.5444444444444444,0.4397590361445783,0.4411764705882353
caffe,13,prec,0.6964285714285714,0.9578313253012047,0.7567901234567901
caffe,14,prec,0.9523809523809523,0.7012195121951219,0.7958333333333334
caffe,15,prec,0.5444444444444444,0.9578313253012047,0.70625
caffe,16,prec,0.70625,0.5444444444444444,0.7567901234567901
caffe,17,prec,0.7012195121951219,0.9634146341463414,0.8629629629629629
caffe,18,prec,0.6964285714285714,0.6166666666666667,0.5922242314647378
caffe,19,prec,0.785140562248996,0.7012195121951219,0.6506172839506172
caffe,20,prec,0.9578313253012047,0.4382716049382716,0.6124497991967871
caffe,21,prec,0.6964285714285714,0.4418604651162791,0.6964285714285714
caffe,22,prec,0.7012195121951219,0.6124497991967871,0.7958333333333334
caffe,23,prec,0.785140562248996,0.44047619047619047,0.6166666666666667
caffe,24,prec,0.9470588235294117,0.6964285714285714,0.7567901234567901
caffe,25,prec,0.4382716049382716,0.4411764705882353,0.70625
caffe,26,prec,0.44047619047619047,0.4411764705882353,0.9578313253012047
caffe,27,prec,0.4411764705882353,0.6166666666666667,0.7958333333333334
caffe,28,prec,0.6506172839506172,0.5701219512195121,0.7012195121951219
caffe,29,prec,0.9523809523809523,0.5922242314647378,0.7958333333333334
caffe,0,rec,0.6,0.593421052631579,0.6368421052631579
caffe,1,rec,0.48026315789473684,0.6302631578947369,0.6236842105263157
caffe,2,rec,0.55,0.55,0.6
caffe,3,rec,0.6434210526315789,0.5039473684210527,0.6302631578947369
caffe,4,rec,0.5434210526315789,0.5368421052631579,0.5868421052631579
caffe,5,rec,0.55,0.593421052631579,0.5671052631578948
caffe,6,rec,0.593421052631579,0.5302631578947369,0.65
caffe,7,rec,0.5802631578947368,0.6302631578947369,0.5802631578947368
caffe,8,rec,0.5671052631578948,0.5434210526315789,0.5434210526315789
caffe,9,rec,0.47368421052631576,0.5302631578947369,0.593421052631579
caffe,10,rec,0.593421052631579,0.5368421052631579,0.5671052631578948
caffe,11,rec,0.5236842105263158,0.6302631578947369,0.6236842105263157
caffe,12,rec,0.5236842105263158,0.48026315789473684,0.4934210526315789
caffe,13,rec,0.5434210526315789,0.65,0.6368421052631579
caffe,14,rec,0.6,0.5868421052631579,0.6868421052631579
caffe,15,rec,0.5236842105263158,0.65,0.6302631578947369
caffe,16,rec,0.6302631578947369,0.5236842105263158,0.6368421052631579
caffe,17,rec,0.5868421052631579,0.7,0.6934210526315789
caffe,18,rec,0.5434210526315789,0.5736842105263158,0.5671052631578948
caffe,19,rec,0.593421052631579,0.5868421052631579,0.5802631578947368
caffe,20,rec,0.65,0.46710526315789475,0.5368421052631579
caffe,21,rec,0.5434210526315789,0.5,0.5434210526315789
caffe,22,rec,0.5868421052631579,0.5368421052631579,0.6868421052631579
caffe,23,rec,0.593421052631579,0.4868421052631579,0.5736842105263158
caffe,24,rec,0.55,0.5434210526315789,0.6368421052631579
caffe,25,rec,0.46710526315789475,0.4934210526315789,0.6302631578947369
caffe,26,rec,0.4868421052631579,0.4934210526315789,0.65
caffe,27,rec,0.4934210526315789,0.5736842105263158,0.6868421052631579
caffe,28,rec,0.5802631578947368,0.5302631578947369,0.5868421052631579
caffe,29,rec,0.6,0.5671052631578948,0.6868421052631579
caffe,0,f1,0.6416666666666666,0.625544267053701,0.6713375796178345
caffe,1,f1,0.4591194968553459,0.655448717948718,0.6409867172675522
caffe,2,f1,0.5629587803500847,0.5629587803500847,0.6416666666666666
caffe,3,f1,0.6889692585895117,0.5036075036075036,0.655448717948718
caffe,4,f1,0.5520833333333334,0.5423318819545235,0.6112115732368897
caffe,5,f1,0.5629587803500847,0.625544267053701,0.5757115749525616
caffe,6,f1,0.625544267053701,0.5334538878842676,0.7087566521528785
caffe,7,f1,0.5983014861995753,0.655448717948718,0.5983014861995753
caffe,8,f1,0.5757115749525616,0.5520833333333334,0.5520833333333334
caffe,9,f1,0.45569620253164556,0.5334538878842676,0.625544267053701
caffe,10,f1,0.625544267053701,0.5423318819545235,0.5757115749525616
caffe,11,f1,0.5252653927813163,0.655448717948718,0.6409867172675522
caffe,12,f1,0.5252653927813163,0.4591194968553459,0.4658385093167702
caffe,13,f1,0.5520833333333334,0.7087566521528785,0.6713375796178345
caffe,14,f1,0.6416666666666666,0.6112115732368897,0.7243589743589743
caffe,15,f1,0.5252653927813163,0.7087566521528785,0.655448717948718
caffe,16,f1,0.655448717948718,0.5252653927813163,0.6713375796178345
caffe,17,f1,0.6112115732368897,0.7667269439421338,0.7443736730360935
caffe,18,f1,0.5520833333333334,0.5865384615384616,0.5757115749525616
caffe,19,f1,0.625544267053701,0.6112115732368897,0.5983014861995753
caffe,20,f1,0.7087566521528785,0.45222929936305734,0.5423318819545235
caffe,21,f1,0.5520833333333334,0.4691358024691358,0.5520833333333334
caffe,22,f1,0.6112115732368897,0.5423318819545235,0.7243589743589743
caffe,23,f1,0.625544267053701,0.4625,0.5865384615384616
caffe,24,f1,0.5629587803500847,0.5520833333333334,0.6713375796178345
caffe,25,f1,0.45222929936305734,0.4658385093167702,0.655448717948718
caffe,26,f1,0.4625,0.4658385093167702,0.7087566521528785
caffe,27,f1,0.4658385093167702,0.5865384615384616,0.7243589743589743
caffe,28,f1,0.5983014861995753,0.5334538878842676,0.6112115732368897
caffe,29,f1,0.6416666666666666,0.5757115749525616,0.7243589743589743
caffe,0,auc,0.6,0.5934210526315788,0.6368421052631579
caffe,1,auc,0.48026315789473684,0.6302631578947369,0.6236842105263158
caffe,2,auc,0.55,0.55,0.6
caffe,3,auc,0.643421052631579,0.5039473684210527,0.6302631578947369
caffe,4,auc,0.5434210526315789,0.5368421052631579,0.5868421052631579
caffe,5,auc,0.55,0.5934210526315788,0.5671052631578947
caffe,6,auc,0.5934210526315788,0.5302631578947369,0.65
caffe,7,auc,0.5802631578947368,0.6302631578947369,0.5802631578947368
caffe,8,auc,0.5671052631578947,0.5434210526315789,0.5434210526315789
caffe,9,auc,0.4736842105263158,0.5302631578947369,0.5934210526315788
caffe,10,auc,0.5934210526315788,0.5368421052631579,0.5671052631578947
caffe,11,auc,0.5236842105263159,0.6302631578947369,0.6236842105263158
caffe,12,auc,0.5236842105263159,0.48026315789473684,0.4934210526315789
caffe,13,auc,0.5434210526315789,0.65,0.6368421052631579
caffe,14,auc,0.6,0.5868421052631579,0.6868421052631579
caffe,15,auc,0.5236842105263159,0.65,0.6302631578947369
caffe,16,auc,0.6302631578947369,0.5236842105263159,0.6368421052631579
caffe,17,auc,0.5868421052631579,0.7,0.6934210526315789
caffe,18,auc,0.5434210526315789,0.5736842105263158,0.5671052631578947
caffe,19,auc,0.5934210526315788,0.5868421052631579,0.5802631578947368
caffe,20,auc,0.65,0.46710526315789475,0.5368421052631579
caffe,21,auc,0.5434210526315789,0.5,0.5434210526315789
caffe,22,auc,0.5868421052631579,0.5368421052631579,0.6868421052631579
caffe,23,auc,0.5934210526315788,0.4868421052631579,0.5736842105263158
caffe,24,auc,0.55,0.5434210526315789,0.6368421052631579
caffe,25,auc,0.46710526315789475,0.4934210526315789,0.6302631578947369
caffe,26,auc,0.4868421052631579,0.4934210526315789,0.65
caffe,27,auc,0.4934210526315789,0.5736842105263158,0.6868421052631579
caffe,28,auc,0.5802631578947368,0.5302631578947369,0.5868421052631579
caffe,29,auc,0.6,0.5671052631578947,0.6868421052631579
caffe,0,time,0.005945920944213867,0.28507280349731445,0.30734777450561523
caffe,1,time,0.005948066711425781,0.2718188762664795,0.2949960231781006
caffe,2,time,0.00590825080871582,0.2692549228668213,0.2964339256286621
caffe,3,time,0.006253957748413086,0.3073720932006836,0.28887200355529785
caffe,4,time,0.022614002227783203,0.2817389965057373,0.30326104164123535
caffe,5,time,0.00686192512512207,0.2753608226776123,0.29574108123779297
caffe,6,time,0.006681203842163086,0.2738211154937744,0.2863740921020508
caffe,7,time,0.008216142654418945,0.28038978576660156,0.303617000579834
caffe,8,time,0.006365060806274414,0.2625751495361328,0.2824091911315918
caffe,9,time,0.008048772811889648,0.27042579650878906,0.3076291084289551
caffe,10,time,0.005808115005493164,0.27626991271972656,0.28435301780700684
caffe,11,time,0.005816936492919922,0.2793099880218506,0.29289698600769043
caffe,12,time,0.005905866622924805,0.270068883895874,0.2901589870452881
caffe,13,time,0.005714893341064453,0.27931976318359375,0.2976980209350586
caffe,14,time,0.005893230438232422,0.27160000801086426,0.29215192794799805
caffe,15,time,0.006031990051269531,0.27587318420410156,0.30147695541381836
caffe,16,time,0.005766153335571289,0.283128023147583,0.3009190559387207
caffe,17,time,0.00732731819152832,0.3141019344329834,0.3064560890197754
caffe,18,time,0.0058231353759765625,0.273252010345459,0.29207706451416016
caffe,19,time,0.005769968032836914,0.29833197593688965,0.29859304428100586
caffe,20,time,0.0057830810546875,0.2747788429260254,0.2953619956970215
caffe,21,time,0.006585121154785156,0.27680277824401855,0.2974510192871094
caffe,22,time,0.006312131881713867,0.28798508644104004,0.3010749816894531
caffe,23,time,0.0055348873138427734,0.2711977958679199,0.2899641990661621
caffe,24,time,0.005837917327880859,0.27881598472595215,0.3058040142059326
caffe,25,time,0.005586862564086914,0.26897215843200684,0.283519983291626
caffe,26,time,0.005633115768432617,0.28041911125183105,0.293842077255249
caffe,27,time,0.0056912899017333984,0.2923438549041748,0.2973790168762207
caffe,28,time,0.005950927734375,0.2697930335998535,0.28052783012390137
caffe,29,time,0.007143974304199219,0.2797558307647705,0.30397725105285645
